{"cameraMode":{"drawMode":0,"name":"Shaded","section":"Shading Mode"},"sceneLighting":true,"audioPlay":false,"sceneViewState":{"m_AlwaysRefresh":false,"showFog":true,"showSkybox":true,"showFlares":true,"showImageEffects":true,"showParticleSystems":true,"showVisualEffectGraphs":true,"m_FxEnabled":true},"in2DMode":false,"pivot":{"x":1466.729248046875,"y":479.7388916015625,"z":-320.0855712890625},"rotation":{"x":-0.02819761075079441,"y":0.00030956260161474347,"z":0.000016712148863007315,"w":-0.9996450543403626},"size":938.7262573242188,"orthographic":false}